{
    "Data": [
        {
            "StartDate": "20180629160025",
            "EndDate": "20180703090025",
            "NoDataValue": -9999,
            "Interval": {
                "Type": "None",
                "Value": 0
            },
            "LocationIdentifier": "Grow.Thingful#b7danwgd",
            "LocationCode": "b7danwgd",
            "Data": [
                {
                    "Value": 11.97,
                    "DateTime": "20180703090025",
                    "Availability": 1,
                    "Quality": 0
                },
                {
                    "Value": 12.1,
                    "DateTime": "20180703084525",
                    "Availability": 1,
                    "Quality": 0
                },
                {
                    "Value": 11.84,
                    "DateTime": "20180703083025",
                    "Availability": 1,
                    "Quality": 0
                },
                {
                    "Value": 11.7,
                    "DateTime": "20180703081525",
                    "Availability": 1,
                    "Quality": 0
                },
                {
                    "Value": 11.84,
                    "DateTime": "20180703080025",
                    "Availability": 1,
                    "Quality": 0
                },
                {
                    "Value": 12.36,
                    "DateTime": "20180703074525",
                    "Availability": 1,
                    "Quality": 0
                },
                {
                    "Value": 11.84,
                    "DateTime": "20180703073025",
                    "Availability": 1,
                    "Quality": 0
                },
                {
                    "Value": 12.1,
                    "DateTime": "20180703071525",
                    "Availability": 1,
                    "Quality": 0
                },
                {
                    "Value": 11.97,
                    "DateTime": "20180703070025",
                    "Availability": 1,
                    "Quality": 0
                },
                {
                    "Value": 12.36,
                    "DateTime": "20180703064525",
                    "Availability": 1,
                    "Quality": 0
                },
                {
                    "Value": 12.49,
                    "DateTime": "20180703063025",
                    "Availability": 1,
                    "Quality": 0
                },
                {
                    "Value": 12.23,
                    "DateTime": "20180703061525",
                    "Availability": 1,
                    "Quality": 0
                },
                {
                    "Value": 11.97,
                    "DateTime": "20180703060025",
                    "Availability": 1,
                    "Quality": 0
                },
                {
                    "Value": 11.97,
                    "DateTime": "20180703054525",
                    "Availability": 1,
                    "Quality": 0
                },
                {
                    "Value": 12.49,
                    "DateTime": "20180703053025",
                    "Availability": 1,
                    "Quality": 0
                },
                {
                    "Value": 12.23,
                    "DateTime": "20180703051525",
                    "Availability": 1,
                    "Quality": 0
                },
                {
                    "Value": 12.1,
                    "DateTime": "20180703050025",
                    "Availability": 1,
                    "Quality": 0
                },
                {
                    "Value": 12.23,
                    "DateTime": "20180703044525",
                    "Availability": 1,
                    "Quality": 0
                },
                {
                    "Value": 12.36,
                    "DateTime": "20180703043025",
                    "Availability": 1,
                    "Quality": 0
                },
                {
                    "Value": 11.97,
                    "DateTime": "20180703041525",
                    "Availability": 1,
                    "Quality": 0
                },
                {
                    "Value": 11.84,
                    "DateTime": "20180703040025",
                    "Availability": 1,
                    "Quality": 0
                },
                {
                    "Value": 12.23,
                    "DateTime": "20180703034525",
                    "Availability": 1,
                    "Quality": 0
                },
                {
                    "Value": 12.1,
                    "DateTime": "20180703033025",
                    "Availability": 1,
                    "Quality": 0
                },
                {
                    "Value": 12.1,
                    "DateTime": "20180703031525",
                    "Availability": 1,
                    "Quality": 0
                },
                {
                    "Value": 12.23,
                    "DateTime": "20180703030025",
                    "Availability": 1,
                    "Quality": 0
                },
                {
                    "Value": 11.84,
                    "DateTime": "20180703024525",
                    "Availability": 1,
                    "Quality": 0
                },
                {
                    "Value": 12.23,
                    "DateTime": "20180703023025",
                    "Availability": 1,
                    "Quality": 0
                },
                {
                    "Value": 12.1,
                    "DateTime": "20180703021525",
                    "Availability": 1,
                    "Quality": 0
                },
                {
                    "Value": 12.49,
                    "DateTime": "20180703020025",
                    "Availability": 1,
                    "Quality": 0
                },
                {
                    "Value": 12.1,
                    "DateTime": "20180703014525",
                    "Availability": 1,
                    "Quality": 0
                },
                {
                    "Value": 11.97,
                    "DateTime": "20180703013025",
                    "Availability": 1,
                    "Quality": 0
                },
                {
                    "Value": 12.49,
                    "DateTime": "20180703011525",
                    "Availability": 1,
                    "Quality": 0
                },
                {
                    "Value": 11.84,
                    "DateTime": "20180703010025",
                    "Availability": 1,
                    "Quality": 0
                },
                {
                    "Value": 11.97,
                    "DateTime": "20180703004525",
                    "Availability": 1,
                    "Quality": 0
                },
                {
                    "Value": 12.23,
                    "DateTime": "20180703003025",
                    "Availability": 1,
                    "Quality": 0
                },
                {
                    "Value": 11.97,
                    "DateTime": "20180703001525",
                    "Availability": 1,
                    "Quality": 0
                },
                {
                    "Value": 12.36,
                    "DateTime": "20180703000025",
                    "Availability": 1,
                    "Quality": 0
                },
                {
                    "Value": 12.36,
                    "DateTime": "20180702234525",
                    "Availability": 1,
                    "Quality": 0
                },
                {
                    "Value": 11.97,
                    "DateTime": "20180702233025",
                    "Availability": 1,
                    "Quality": 0
                },
                {
                    "Value": 11.84,
                    "DateTime": "20180702231525",
                    "Availability": 1,
                    "Quality": 0
                },
                {
                    "Value": 12.1,
                    "DateTime": "20180702230025",
                    "Availability": 1,
                    "Quality": 0
                },
                {
                    "Value": 12.1,
                    "DateTime": "20180702224525",
                    "Availability": 1,
                    "Quality": 0
                },
                {
                    "Value": 12.23,
                    "DateTime": "20180702223025",
                    "Availability": 1,
                    "Quality": 0
                },
                {
                    "Value": 12.36,
                    "DateTime": "20180702221525",
                    "Availability": 1,
                    "Quality": 0
                },
                {
                    "Value": 11.84,
                    "DateTime": "20180702220025",
                    "Availability": 1,
                    "Quality": 0
                },
                {
                    "Value": 12.23,
                    "DateTime": "20180702214525",
                    "Availability": 1,
                    "Quality": 0
                },
                {
                    "Value": 11.84,
                    "DateTime": "20180702213025",
                    "Availability": 1,
                    "Quality": 0
                },
                {
                    "Value": 12.23,
                    "DateTime": "20180702211525",
                    "Availability": 1,
                    "Quality": 0
                },
                {
                    "Value": 12.23,
                    "DateTime": "20180702210025",
                    "Availability": 1,
                    "Quality": 0
                },
                {
                    "Value": 12.36,
                    "DateTime": "20180702204525",
                    "Availability": 1,
                    "Quality": 0
                },
                {
                    "Value": 12.23,
                    "DateTime": "20180702203025",
                    "Availability": 1,
                    "Quality": 0
                },
                {
                    "Value": 11.7,
                    "DateTime": "20180702201525",
                    "Availability": 1,
                    "Quality": 0
                },
                {
                    "Value": 11.84,
                    "DateTime": "20180702200025",
                    "Availability": 1,
                    "Quality": 0
                },
                {
                    "Value": 11.97,
                    "DateTime": "20180702194525",
                    "Availability": 1,
                    "Quality": 0
                },
                {
                    "Value": 12.23,
                    "DateTime": "20180702193025",
                    "Availability": 1,
                    "Quality": 0
                },
                {
                    "Value": 11.97,
                    "DateTime": "20180702191525",
                    "Availability": 1,
                    "Quality": 0
                },
                {
                    "Value": 12.1,
                    "DateTime": "20180702190025",
                    "Availability": 1,
                    "Quality": 0
                },
                {
                    "Value": 12.23,
                    "DateTime": "20180702184525",
                    "Availability": 1,
                    "Quality": 0
                },
                {
                    "Value": 11.84,
                    "DateTime": "20180702183025",
                    "Availability": 1,
                    "Quality": 0
                },
                {
                    "Value": 12.36,
                    "DateTime": "20180702181525",
                    "Availability": 1,
                    "Quality": 0
                },
                {
                    "Value": 12.1,
                    "DateTime": "20180702180025",
                    "Availability": 1,
                    "Quality": 0
                },
                {
                    "Value": 12.1,
                    "DateTime": "20180702174525",
                    "Availability": 1,
                    "Quality": 0
                },
                {
                    "Value": 12.23,
                    "DateTime": "20180702173025",
                    "Availability": 1,
                    "Quality": 0
                },
                {
                    "Value": 12.36,
                    "DateTime": "20180702171525",
                    "Availability": 1,
                    "Quality": 0
                },
                {
                    "Value": 11.97,
                    "DateTime": "20180702170025",
                    "Availability": 1,
                    "Quality": 0
                },
                {
                    "Value": 11.97,
                    "DateTime": "20180702164525",
                    "Availability": 1,
                    "Quality": 0
                },
                {
                    "Value": 11.97,
                    "DateTime": "20180702163025",
                    "Availability": 1,
                    "Quality": 0
                },
                {
                    "Value": 12.36,
                    "DateTime": "20180702161525",
                    "Availability": 1,
                    "Quality": 0
                },
                {
                    "Value": 12.36,
                    "DateTime": "20180702160025",
                    "Availability": 1,
                    "Quality": 0
                },
                {
                    "Value": 11.97,
                    "DateTime": "20180702154525",
                    "Availability": 1,
                    "Quality": 0
                },
                {
                    "Value": 11.97,
                    "DateTime": "20180702153025",
                    "Availability": 1,
                    "Quality": 0
                },
                {
                    "Value": 11.84,
                    "DateTime": "20180702151525",
                    "Availability": 1,
                    "Quality": 0
                },
                {
                    "Value": 11.84,
                    "DateTime": "20180702150025",
                    "Availability": 1,
                    "Quality": 0
                },
                {
                    "Value": 11.7,
                    "DateTime": "20180702144525",
                    "Availability": 1,
                    "Quality": 0
                },
                {
                    "Value": 11.84,
                    "DateTime": "20180702143025",
                    "Availability": 1,
                    "Quality": 0
                },
                {
                    "Value": 11.97,
                    "DateTime": "20180702141525",
                    "Availability": 1,
                    "Quality": 0
                },
                {
                    "Value": 11.7,
                    "DateTime": "20180702140025",
                    "Availability": 1,
                    "Quality": 0
                },
                {
                    "Value": 11.97,
                    "DateTime": "20180702134525",
                    "Availability": 1,
                    "Quality": 0
                },
                {
                    "Value": 11.84,
                    "DateTime": "20180702133025",
                    "Availability": 1,
                    "Quality": 0
                },
                {
                    "Value": 11.97,
                    "DateTime": "20180702131525",
                    "Availability": 1,
                    "Quality": 0
                },
                {
                    "Value": 12.1,
                    "DateTime": "20180702130025",
                    "Availability": 1,
                    "Quality": 0
                },
                {
                    "Value": 12.1,
                    "DateTime": "20180702124525",
                    "Availability": 1,
                    "Quality": 0
                },
                {
                    "Value": 11.84,
                    "DateTime": "20180702123025",
                    "Availability": 1,
                    "Quality": 0
                },
                {
                    "Value": 12.1,
                    "DateTime": "20180702121525",
                    "Availability": 1,
                    "Quality": 0
                },
                {
                    "Value": 12.1,
                    "DateTime": "20180702120025",
                    "Availability": 1,
                    "Quality": 0
                },
                {
                    "Value": 11.84,
                    "DateTime": "20180702114525",
                    "Availability": 1,
                    "Quality": 0
                },
                {
                    "Value": 11.97,
                    "DateTime": "20180702113025",
                    "Availability": 1,
                    "Quality": 0
                },
                {
                    "Value": 11.84,
                    "DateTime": "20180702111525",
                    "Availability": 1,
                    "Quality": 0
                },
                {
                    "Value": 12.36,
                    "DateTime": "20180702110025",
                    "Availability": 1,
                    "Quality": 0
                },
                {
                    "Value": 12.1,
                    "DateTime": "20180702104525",
                    "Availability": 1,
                    "Quality": 0
                },
                {
                    "Value": 12.23,
                    "DateTime": "20180702103025",
                    "Availability": 1,
                    "Quality": 0
                },
                {
                    "Value": 12.23,
                    "DateTime": "20180702101525",
                    "Availability": 1,
                    "Quality": 0
                },
                {
                    "Value": 11.97,
                    "DateTime": "20180702100025",
                    "Availability": 1,
                    "Quality": 0
                },
                {
                    "Value": 12.36,
                    "DateTime": "20180702094525",
                    "Availability": 1,
                    "Quality": 0
                },
                {
                    "Value": 12.23,
                    "DateTime": "20180702093025",
                    "Availability": 1,
                    "Quality": 0
                },
                {
                    "Value": 11.84,
                    "DateTime": "20180702091525",
                    "Availability": 1,
                    "Quality": 0
                },
                {
                    "Value": 12.36,
                    "DateTime": "20180702090025",
                    "Availability": 1,
                    "Quality": 0
                },
                {
                    "Value": 12.49,
                    "DateTime": "20180702084525",
                    "Availability": 1,
                    "Quality": 0
                },
                {
                    "Value": 12.23,
                    "DateTime": "20180702083025",
                    "Availability": 1,
                    "Quality": 0
                },
                {
                    "Value": 12.62,
                    "DateTime": "20180702081525",
                    "Availability": 1,
                    "Quality": 0
                },
                {
                    "Value": 12.36,
                    "DateTime": "20180702080025",
                    "Availability": 1,
                    "Quality": 0
                },
                {
                    "Value": 12.36,
                    "DateTime": "20180702074525",
                    "Availability": 1,
                    "Quality": 0
                },
                {
                    "Value": 12.62,
                    "DateTime": "20180702073025",
                    "Availability": 1,
                    "Quality": 0
                },
                {
                    "Value": 12.23,
                    "DateTime": "20180702071525",
                    "Availability": 1,
                    "Quality": 0
                },
                {
                    "Value": 12.49,
                    "DateTime": "20180702070025",
                    "Availability": 1,
                    "Quality": 0
                },
                {
                    "Value": 12.62,
                    "DateTime": "20180702064525",
                    "Availability": 1,
                    "Quality": 0
                },
                {
                    "Value": 12.49,
                    "DateTime": "20180702063025",
                    "Availability": 1,
                    "Quality": 0
                },
                {
                    "Value": 12.49,
                    "DateTime": "20180702061525",
                    "Availability": 1,
                    "Quality": 0
                },
                {
                    "Value": 12.62,
                    "DateTime": "20180702060025",
                    "Availability": 1,
                    "Quality": 0
                },
                {
                    "Value": 12.36,
                    "DateTime": "20180702054525",
                    "Availability": 1,
                    "Quality": 0
                },
                {
                    "Value": 12.62,
                    "DateTime": "20180702053025",
                    "Availability": 1,
                    "Quality": 0
                },
                {
                    "Value": 12.62,
                    "DateTime": "20180702051525",
                    "Availability": 1,
                    "Quality": 0
                },
                {
                    "Value": 12.75,
                    "DateTime": "20180702050025",
                    "Availability": 1,
                    "Quality": 0
                },
                {
                    "Value": 12.62,
                    "DateTime": "20180702044525",
                    "Availability": 1,
                    "Quality": 0
                },
                {
                    "Value": 12.23,
                    "DateTime": "20180702043025",
                    "Availability": 1,
                    "Quality": 0
                },
                {
                    "Value": 12.36,
                    "DateTime": "20180702041525",
                    "Availability": 1,
                    "Quality": 0
                },
                {
                    "Value": 12.62,
                    "DateTime": "20180702040025",
                    "Availability": 1,
                    "Quality": 0
                },
                {
                    "Value": 12.62,
                    "DateTime": "20180702034525",
                    "Availability": 1,
                    "Quality": 0
                },
                {
                    "Value": 12.49,
                    "DateTime": "20180702033025",
                    "Availability": 1,
                    "Quality": 0
                },
                {
                    "Value": 12.23,
                    "DateTime": "20180702031525",
                    "Availability": 1,
                    "Quality": 0
                },
                {
                    "Value": 12.23,
                    "DateTime": "20180702030025",
                    "Availability": 1,
                    "Quality": 0
                },
                {
                    "Value": 12.23,
                    "DateTime": "20180702024525",
                    "Availability": 1,
                    "Quality": 0
                },
                {
                    "Value": 12.49,
                    "DateTime": "20180702023025",
                    "Availability": 1,
                    "Quality": 0
                },
                {
                    "Value": 12.62,
                    "DateTime": "20180702021525",
                    "Availability": 1,
                    "Quality": 0
                },
                {
                    "Value": 12.49,
                    "DateTime": "20180702020025",
                    "Availability": 1,
                    "Quality": 0
                },
                {
                    "Value": 12.23,
                    "DateTime": "20180702014525",
                    "Availability": 1,
                    "Quality": 0
                },
                {
                    "Value": 12.75,
                    "DateTime": "20180702013025",
                    "Availability": 1,
                    "Quality": 0
                },
                {
                    "Value": 12.49,
                    "DateTime": "20180702011525",
                    "Availability": 1,
                    "Quality": 0
                },
                {
                    "Value": 12.62,
                    "DateTime": "20180702010025",
                    "Availability": 1,
                    "Quality": 0
                },
                {
                    "Value": 12.75,
                    "DateTime": "20180702004525",
                    "Availability": 1,
                    "Quality": 0
                },
                {
                    "Value": 12.23,
                    "DateTime": "20180702003025",
                    "Availability": 1,
                    "Quality": 0
                },
                {
                    "Value": 12.49,
                    "DateTime": "20180702001525",
                    "Availability": 1,
                    "Quality": 0
                },
                {
                    "Value": 12.49,
                    "DateTime": "20180702000025",
                    "Availability": 1,
                    "Quality": 0
                },
                {
                    "Value": 12.75,
                    "DateTime": "20180701234525",
                    "Availability": 1,
                    "Quality": 0
                },
                {
                    "Value": 12.49,
                    "DateTime": "20180701233025",
                    "Availability": 1,
                    "Quality": 0
                },
                {
                    "Value": 12.49,
                    "DateTime": "20180701231525",
                    "Availability": 1,
                    "Quality": 0
                },
                {
                    "Value": 12.49,
                    "DateTime": "20180701230025",
                    "Availability": 1,
                    "Quality": 0
                },
                {
                    "Value": 12.23,
                    "DateTime": "20180701224525",
                    "Availability": 1,
                    "Quality": 0
                },
                {
                    "Value": 12.36,
                    "DateTime": "20180701223025",
                    "Availability": 1,
                    "Quality": 0
                },
                {
                    "Value": 12.36,
                    "DateTime": "20180701221525",
                    "Availability": 1,
                    "Quality": 0
                },
                {
                    "Value": 12.62,
                    "DateTime": "20180701220025",
                    "Availability": 1,
                    "Quality": 0
                },
                {
                    "Value": 12.49,
                    "DateTime": "20180701214525",
                    "Availability": 1,
                    "Quality": 0
                },
                {
                    "Value": 12.49,
                    "DateTime": "20180701213025",
                    "Availability": 1,
                    "Quality": 0
                },
                {
                    "Value": 12.36,
                    "DateTime": "20180701211525",
                    "Availability": 1,
                    "Quality": 0
                },
                {
                    "Value": 12.49,
                    "DateTime": "20180701210025",
                    "Availability": 1,
                    "Quality": 0
                },
                {
                    "Value": 12.36,
                    "DateTime": "20180701204525",
                    "Availability": 1,
                    "Quality": 0
                },
                {
                    "Value": 12.36,
                    "DateTime": "20180701203025",
                    "Availability": 1,
                    "Quality": 0
                },
                {
                    "Value": 12.49,
                    "DateTime": "20180701201525",
                    "Availability": 1,
                    "Quality": 0
                },
                {
                    "Value": 12.36,
                    "DateTime": "20180701200025",
                    "Availability": 1,
                    "Quality": 0
                },
                {
                    "Value": 12.23,
                    "DateTime": "20180701194525",
                    "Availability": 1,
                    "Quality": 0
                },
                {
                    "Value": 12.23,
                    "DateTime": "20180701193025",
                    "Availability": 1,
                    "Quality": 0
                },
                {
                    "Value": 12.23,
                    "DateTime": "20180701191525",
                    "Availability": 1,
                    "Quality": 0
                },
                {
                    "Value": 12.23,
                    "DateTime": "20180701190025",
                    "Availability": 1,
                    "Quality": 0
                },
                {
                    "Value": 11.97,
                    "DateTime": "20180701184525",
                    "Availability": 1,
                    "Quality": 0
                },
                {
                    "Value": 12.49,
                    "DateTime": "20180701183025",
                    "Availability": 1,
                    "Quality": 0
                },
                {
                    "Value": 12.36,
                    "DateTime": "20180701181525",
                    "Availability": 1,
                    "Quality": 0
                },
                {
                    "Value": 12.23,
                    "DateTime": "20180701180025",
                    "Availability": 1,
                    "Quality": 0
                },
                {
                    "Value": 11.97,
                    "DateTime": "20180701174525",
                    "Availability": 1,
                    "Quality": 0
                },
                {
                    "Value": 11.97,
                    "DateTime": "20180701173025",
                    "Availability": 1,
                    "Quality": 0
                },
                {
                    "Value": 12.1,
                    "DateTime": "20180701171525",
                    "Availability": 1,
                    "Quality": 0
                },
                {
                    "Value": 12.49,
                    "DateTime": "20180701170025",
                    "Availability": 1,
                    "Quality": 0
                },
                {
                    "Value": 11.97,
                    "DateTime": "20180701164525",
                    "Availability": 1,
                    "Quality": 0
                },
                {
                    "Value": 12.62,
                    "DateTime": "20180701163025",
                    "Availability": 1,
                    "Quality": 0
                },
                {
                    "Value": 11.84,
                    "DateTime": "20180701161525",
                    "Availability": 1,
                    "Quality": 0
                },
                {
                    "Value": 12.1,
                    "DateTime": "20180701160025",
                    "Availability": 1,
                    "Quality": 0
                },
                {
                    "Value": 12.49,
                    "DateTime": "20180701154525",
                    "Availability": 1,
                    "Quality": 0
                },
                {
                    "Value": 12.1,
                    "DateTime": "20180701153025",
                    "Availability": 1,
                    "Quality": 0
                },
                {
                    "Value": 12.36,
                    "DateTime": "20180701151525",
                    "Availability": 1,
                    "Quality": 0
                },
                {
                    "Value": 12.23,
                    "DateTime": "20180701150025",
                    "Availability": 1,
                    "Quality": 0
                },
                {
                    "Value": 12.49,
                    "DateTime": "20180701144525",
                    "Availability": 1,
                    "Quality": 0
                },
                {
                    "Value": 12.1,
                    "DateTime": "20180701143025",
                    "Availability": 1,
                    "Quality": 0
                },
                {
                    "Value": 12.49,
                    "DateTime": "20180701141525",
                    "Availability": 1,
                    "Quality": 0
                },
                {
                    "Value": 12.23,
                    "DateTime": "20180701140025",
                    "Availability": 1,
                    "Quality": 0
                },
                {
                    "Value": 12.1,
                    "DateTime": "20180701134525",
                    "Availability": 1,
                    "Quality": 0
                },
                {
                    "Value": 12.23,
                    "DateTime": "20180701133025",
                    "Availability": 1,
                    "Quality": 0
                },
                {
                    "Value": 12.49,
                    "DateTime": "20180701131525",
                    "Availability": 1,
                    "Quality": 0
                },
                {
                    "Value": 12.1,
                    "DateTime": "20180701130025",
                    "Availability": 1,
                    "Quality": 0
                },
                {
                    "Value": 12.49,
                    "DateTime": "20180701124525",
                    "Availability": 1,
                    "Quality": 0
                },
                {
                    "Value": 12.49,
                    "DateTime": "20180701123025",
                    "Availability": 1,
                    "Quality": 0
                },
                {
                    "Value": 12.49,
                    "DateTime": "20180701121525",
                    "Availability": 1,
                    "Quality": 0
                },
                {
                    "Value": 12.23,
                    "DateTime": "20180701120025",
                    "Availability": 1,
                    "Quality": 0
                },
                {
                    "Value": 12.23,
                    "DateTime": "20180701114525",
                    "Availability": 1,
                    "Quality": 0
                },
                {
                    "Value": 12.49,
                    "DateTime": "20180701113025",
                    "Availability": 1,
                    "Quality": 0
                },
                {
                    "Value": 12.23,
                    "DateTime": "20180701111525",
                    "Availability": 1,
                    "Quality": 0
                },
                {
                    "Value": 12.23,
                    "DateTime": "20180701110025",
                    "Availability": 1,
                    "Quality": 0
                },
                {
                    "Value": 12.62,
                    "DateTime": "20180701104525",
                    "Availability": 1,
                    "Quality": 0
                },
                {
                    "Value": 12.36,
                    "DateTime": "20180701103025",
                    "Availability": 1,
                    "Quality": 0
                },
                {
                    "Value": 12.49,
                    "DateTime": "20180701101525",
                    "Availability": 1,
                    "Quality": 0
                },
                {
                    "Value": 12.62,
                    "DateTime": "20180701100025",
                    "Availability": 1,
                    "Quality": 0
                },
                {
                    "Value": 12.75,
                    "DateTime": "20180701094525",
                    "Availability": 1,
                    "Quality": 0
                },
                {
                    "Value": 12.36,
                    "DateTime": "20180701093025",
                    "Availability": 1,
                    "Quality": 0
                },
                {
                    "Value": 12.75,
                    "DateTime": "20180701091525",
                    "Availability": 1,
                    "Quality": 0
                },
                {
                    "Value": 12.49,
                    "DateTime": "20180701090025",
                    "Availability": 1,
                    "Quality": 0
                },
                {
                    "Value": 12.88,
                    "DateTime": "20180701084525",
                    "Availability": 1,
                    "Quality": 0
                },
                {
                    "Value": 12.49,
                    "DateTime": "20180701083025",
                    "Availability": 1,
                    "Quality": 0
                },
                {
                    "Value": 12.36,
                    "DateTime": "20180701081525",
                    "Availability": 1,
                    "Quality": 0
                },
                {
                    "Value": 12.36,
                    "DateTime": "20180701080025",
                    "Availability": 1,
                    "Quality": 0
                },
                {
                    "Value": 13.01,
                    "DateTime": "20180701074525",
                    "Availability": 1,
                    "Quality": 0
                },
                {
                    "Value": 12.62,
                    "DateTime": "20180701073025",
                    "Availability": 1,
                    "Quality": 0
                },
                {
                    "Value": 12.36,
                    "DateTime": "20180701071525",
                    "Availability": 1,
                    "Quality": 0
                },
                {
                    "Value": 12.62,
                    "DateTime": "20180701070025",
                    "Availability": 1,
                    "Quality": 0
                },
                {
                    "Value": 12.49,
                    "DateTime": "20180701064525",
                    "Availability": 1,
                    "Quality": 0
                },
                {
                    "Value": 13.14,
                    "DateTime": "20180701063025",
                    "Availability": 1,
                    "Quality": 0
                },
                {
                    "Value": 12.75,
                    "DateTime": "20180701061525",
                    "Availability": 1,
                    "Quality": 0
                },
                {
                    "Value": 12.62,
                    "DateTime": "20180701060025",
                    "Availability": 1,
                    "Quality": 0
                },
                {
                    "Value": 13.01,
                    "DateTime": "20180701054525",
                    "Availability": 1,
                    "Quality": 0
                },
                {
                    "Value": 12.88,
                    "DateTime": "20180701053025",
                    "Availability": 1,
                    "Quality": 0
                },
                {
                    "Value": 12.88,
                    "DateTime": "20180701051525",
                    "Availability": 1,
                    "Quality": 0
                },
                {
                    "Value": 12.88,
                    "DateTime": "20180701050025",
                    "Availability": 1,
                    "Quality": 0
                },
                {
                    "Value": 12.75,
                    "DateTime": "20180701044525",
                    "Availability": 1,
                    "Quality": 0
                },
                {
                    "Value": 12.75,
                    "DateTime": "20180701043025",
                    "Availability": 1,
                    "Quality": 0
                },
                {
                    "Value": 13.01,
                    "DateTime": "20180701041525",
                    "Availability": 1,
                    "Quality": 0
                },
                {
                    "Value": 12.88,
                    "DateTime": "20180701040025",
                    "Availability": 1,
                    "Quality": 0
                },
                {
                    "Value": 12.75,
                    "DateTime": "20180701034525",
                    "Availability": 1,
                    "Quality": 0
                },
                {
                    "Value": 12.62,
                    "DateTime": "20180701033025",
                    "Availability": 1,
                    "Quality": 0
                },
                {
                    "Value": 13.14,
                    "DateTime": "20180701031525",
                    "Availability": 1,
                    "Quality": 0
                },
                {
                    "Value": 13.14,
                    "DateTime": "20180701030025",
                    "Availability": 1,
                    "Quality": 0
                },
                {
                    "Value": 12.62,
                    "DateTime": "20180701024525",
                    "Availability": 1,
                    "Quality": 0
                },
                {
                    "Value": 12.62,
                    "DateTime": "20180701023025",
                    "Availability": 1,
                    "Quality": 0
                },
                {
                    "Value": 12.88,
                    "DateTime": "20180701021525",
                    "Availability": 1,
                    "Quality": 0
                },
                {
                    "Value": 13.01,
                    "DateTime": "20180701020025",
                    "Availability": 1,
                    "Quality": 0
                },
                {
                    "Value": 12.36,
                    "DateTime": "20180701014525",
                    "Availability": 1,
                    "Quality": 0
                },
                {
                    "Value": 12.88,
                    "DateTime": "20180701013025",
                    "Availability": 1,
                    "Quality": 0
                },
                {
                    "Value": 12.75,
                    "DateTime": "20180701011525",
                    "Availability": 1,
                    "Quality": 0
                },
                {
                    "Value": 12.75,
                    "DateTime": "20180701010025",
                    "Availability": 1,
                    "Quality": 0
                },
                {
                    "Value": 12.75,
                    "DateTime": "20180701004525",
                    "Availability": 1,
                    "Quality": 0
                },
                {
                    "Value": 12.62,
                    "DateTime": "20180701003025",
                    "Availability": 1,
                    "Quality": 0
                },
                {
                    "Value": 12.88,
                    "DateTime": "20180701001525",
                    "Availability": 1,
                    "Quality": 0
                },
                {
                    "Value": 12.75,
                    "DateTime": "20180701000025",
                    "Availability": 1,
                    "Quality": 0
                },
                {
                    "Value": 12.75,
                    "DateTime": "20180630234525",
                    "Availability": 1,
                    "Quality": 0
                },
                {
                    "Value": 12.49,
                    "DateTime": "20180630233025",
                    "Availability": 1,
                    "Quality": 0
                },
                {
                    "Value": 12.75,
                    "DateTime": "20180630231525",
                    "Availability": 1,
                    "Quality": 0
                },
                {
                    "Value": 12.62,
                    "DateTime": "20180630230025",
                    "Availability": 1,
                    "Quality": 0
                },
                {
                    "Value": 12.88,
                    "DateTime": "20180630224525",
                    "Availability": 1,
                    "Quality": 0
                },
                {
                    "Value": 13.01,
                    "DateTime": "20180630223025",
                    "Availability": 1,
                    "Quality": 0
                },
                {
                    "Value": 12.75,
                    "DateTime": "20180630221525",
                    "Availability": 1,
                    "Quality": 0
                },
                {
                    "Value": 12.75,
                    "DateTime": "20180630220025",
                    "Availability": 1,
                    "Quality": 0
                },
                {
                    "Value": 12.49,
                    "DateTime": "20180630214525",
                    "Availability": 1,
                    "Quality": 0
                },
                {
                    "Value": 12.62,
                    "DateTime": "20180630213025",
                    "Availability": 1,
                    "Quality": 0
                },
                {
                    "Value": 12.88,
                    "DateTime": "20180630211525",
                    "Availability": 1,
                    "Quality": 0
                },
                {
                    "Value": 12.75,
                    "DateTime": "20180630210025",
                    "Availability": 1,
                    "Quality": 0
                },
                {
                    "Value": 12.75,
                    "DateTime": "20180630204525",
                    "Availability": 1,
                    "Quality": 0
                },
                {
                    "Value": 12.49,
                    "DateTime": "20180630203025",
                    "Availability": 1,
                    "Quality": 0
                },
                {
                    "Value": 12.75,
                    "DateTime": "20180630201525",
                    "Availability": 1,
                    "Quality": 0
                },
                {
                    "Value": 12.75,
                    "DateTime": "20180630200025",
                    "Availability": 1,
                    "Quality": 0
                },
                {
                    "Value": 12.75,
                    "DateTime": "20180630194525",
                    "Availability": 1,
                    "Quality": 0
                },
                {
                    "Value": 12.88,
                    "DateTime": "20180630193025",
                    "Availability": 1,
                    "Quality": 0
                },
                {
                    "Value": 12.75,
                    "DateTime": "20180630191525",
                    "Availability": 1,
                    "Quality": 0
                },
                {
                    "Value": 12.62,
                    "DateTime": "20180630190025",
                    "Availability": 1,
                    "Quality": 0
                },
                {
                    "Value": 13.01,
                    "DateTime": "20180630184525",
                    "Availability": 1,
                    "Quality": 0
                },
                {
                    "Value": 12.75,
                    "DateTime": "20180630183025",
                    "Availability": 1,
                    "Quality": 0
                },
                {
                    "Value": 13.01,
                    "DateTime": "20180630181525",
                    "Availability": 1,
                    "Quality": 0
                },
                {
                    "Value": 13.01,
                    "DateTime": "20180630180025",
                    "Availability": 1,
                    "Quality": 0
                },
                {
                    "Value": 12.75,
                    "DateTime": "20180630174525",
                    "Availability": 1,
                    "Quality": 0
                },
                {
                    "Value": 12.49,
                    "DateTime": "20180630173025",
                    "Availability": 1,
                    "Quality": 0
                },
                {
                    "Value": 12.75,
                    "DateTime": "20180630171525",
                    "Availability": 1,
                    "Quality": 0
                },
                {
                    "Value": 12.75,
                    "DateTime": "20180630170025",
                    "Availability": 1,
                    "Quality": 0
                },
                {
                    "Value": 12.62,
                    "DateTime": "20180630164525",
                    "Availability": 1,
                    "Quality": 0
                },
                {
                    "Value": 12.36,
                    "DateTime": "20180630163025",
                    "Availability": 1,
                    "Quality": 0
                },
                {
                    "Value": 12.88,
                    "DateTime": "20180630161525",
                    "Availability": 1,
                    "Quality": 0
                },
                {
                    "Value": 12.88,
                    "DateTime": "20180630160025",
                    "Availability": 1,
                    "Quality": 0
                },
                {
                    "Value": 12.62,
                    "DateTime": "20180630154525",
                    "Availability": 1,
                    "Quality": 0
                },
                {
                    "Value": 12.88,
                    "DateTime": "20180630153025",
                    "Availability": 1,
                    "Quality": 0
                },
                {
                    "Value": 12.62,
                    "DateTime": "20180630151525",
                    "Availability": 1,
                    "Quality": 0
                },
                {
                    "Value": 12.75,
                    "DateTime": "20180630150025",
                    "Availability": 1,
                    "Quality": 0
                },
                {
                    "Value": 12.62,
                    "DateTime": "20180630144525",
                    "Availability": 1,
                    "Quality": 0
                },
                {
                    "Value": 13.01,
                    "DateTime": "20180630143025",
                    "Availability": 1,
                    "Quality": 0
                },
                {
                    "Value": 12.75,
                    "DateTime": "20180630141525",
                    "Availability": 1,
                    "Quality": 0
                },
                {
                    "Value": 12.49,
                    "DateTime": "20180630140025",
                    "Availability": 1,
                    "Quality": 0
                },
                {
                    "Value": 12.75,
                    "DateTime": "20180630134525",
                    "Availability": 1,
                    "Quality": 0
                },
                {
                    "Value": 13.01,
                    "DateTime": "20180630133025",
                    "Availability": 1,
                    "Quality": 0
                },
                {
                    "Value": 12.62,
                    "DateTime": "20180630131525",
                    "Availability": 1,
                    "Quality": 0
                },
                {
                    "Value": 13.01,
                    "DateTime": "20180630130025",
                    "Availability": 1,
                    "Quality": 0
                },
                {
                    "Value": 13.01,
                    "DateTime": "20180630124525",
                    "Availability": 1,
                    "Quality": 0
                },
                {
                    "Value": 12.62,
                    "DateTime": "20180630123025",
                    "Availability": 1,
                    "Quality": 0
                },
                {
                    "Value": 12.88,
                    "DateTime": "20180630121525",
                    "Availability": 1,
                    "Quality": 0
                },
                {
                    "Value": 12.75,
                    "DateTime": "20180630120025",
                    "Availability": 1,
                    "Quality": 0
                },
                {
                    "Value": 13.01,
                    "DateTime": "20180630114525",
                    "Availability": 1,
                    "Quality": 0
                },
                {
                    "Value": 13.01,
                    "DateTime": "20180630113025",
                    "Availability": 1,
                    "Quality": 0
                },
                {
                    "Value": 12.75,
                    "DateTime": "20180630111525",
                    "Availability": 1,
                    "Quality": 0
                },
                {
                    "Value": 13.01,
                    "DateTime": "20180630110025",
                    "Availability": 1,
                    "Quality": 0
                },
                {
                    "Value": 13.27,
                    "DateTime": "20180630104525",
                    "Availability": 1,
                    "Quality": 0
                },
                {
                    "Value": 13.01,
                    "DateTime": "20180630103025",
                    "Availability": 1,
                    "Quality": 0
                },
                {
                    "Value": 13.27,
                    "DateTime": "20180630101525",
                    "Availability": 1,
                    "Quality": 0
                },
                {
                    "Value": 13.14,
                    "DateTime": "20180630100025",
                    "Availability": 1,
                    "Quality": 0
                },
                {
                    "Value": 13.01,
                    "DateTime": "20180630094525",
                    "Availability": 1,
                    "Quality": 0
                },
                {
                    "Value": 13.14,
                    "DateTime": "20180630093025",
                    "Availability": 1,
                    "Quality": 0
                },
                {
                    "Value": 13.4,
                    "DateTime": "20180630091525",
                    "Availability": 1,
                    "Quality": 0
                },
                {
                    "Value": 13.53,
                    "DateTime": "20180630090025",
                    "Availability": 1,
                    "Quality": 0
                },
                {
                    "Value": 13.27,
                    "DateTime": "20180630084525",
                    "Availability": 1,
                    "Quality": 0
                },
                {
                    "Value": 13.4,
                    "DateTime": "20180630083025",
                    "Availability": 1,
                    "Quality": 0
                },
                {
                    "Value": 13.66,
                    "DateTime": "20180630081525",
                    "Availability": 1,
                    "Quality": 0
                },
                {
                    "Value": 13.4,
                    "DateTime": "20180630080025",
                    "Availability": 1,
                    "Quality": 0
                },
                {
                    "Value": 13.4,
                    "DateTime": "20180630074525",
                    "Availability": 1,
                    "Quality": 0
                },
                {
                    "Value": 13.4,
                    "DateTime": "20180630073025",
                    "Availability": 1,
                    "Quality": 0
                },
                {
                    "Value": 13.14,
                    "DateTime": "20180630071525",
                    "Availability": 1,
                    "Quality": 0
                },
                {
                    "Value": 13.66,
                    "DateTime": "20180630070025",
                    "Availability": 1,
                    "Quality": 0
                },
                {
                    "Value": 13.79,
                    "DateTime": "20180630064525",
                    "Availability": 1,
                    "Quality": 0
                },
                {
                    "Value": 13.4,
                    "DateTime": "20180630063025",
                    "Availability": 1,
                    "Quality": 0
                },
                {
                    "Value": 13.79,
                    "DateTime": "20180630061525",
                    "Availability": 1,
                    "Quality": 0
                },
                {
                    "Value": 13.53,
                    "DateTime": "20180630060025",
                    "Availability": 1,
                    "Quality": 0
                },
                {
                    "Value": 13.66,
                    "DateTime": "20180630054525",
                    "Availability": 1,
                    "Quality": 0
                },
                {
                    "Value": 13.14,
                    "DateTime": "20180630053025",
                    "Availability": 1,
                    "Quality": 0
                },
                {
                    "Value": 13.4,
                    "DateTime": "20180630051525",
                    "Availability": 1,
                    "Quality": 0
                },
                {
                    "Value": 13.4,
                    "DateTime": "20180630050025",
                    "Availability": 1,
                    "Quality": 0
                },
                {
                    "Value": 13.4,
                    "DateTime": "20180630044525",
                    "Availability": 1,
                    "Quality": 0
                },
                {
                    "Value": 13.4,
                    "DateTime": "20180630043025",
                    "Availability": 1,
                    "Quality": 0
                },
                {
                    "Value": 13.4,
                    "DateTime": "20180630041525",
                    "Availability": 1,
                    "Quality": 0
                },
                {
                    "Value": 13.66,
                    "DateTime": "20180630040025",
                    "Availability": 1,
                    "Quality": 0
                },
                {
                    "Value": 13.14,
                    "DateTime": "20180630034525",
                    "Availability": 1,
                    "Quality": 0
                },
                {
                    "Value": 13.4,
                    "DateTime": "20180630033025",
                    "Availability": 1,
                    "Quality": 0
                },
                {
                    "Value": 13.4,
                    "DateTime": "20180630031525",
                    "Availability": 1,
                    "Quality": 0
                },
                {
                    "Value": 13.27,
                    "DateTime": "20180630030025",
                    "Availability": 1,
                    "Quality": 0
                },
                {
                    "Value": 13.53,
                    "DateTime": "20180630024525",
                    "Availability": 1,
                    "Quality": 0
                },
                {
                    "Value": 13.27,
                    "DateTime": "20180630023025",
                    "Availability": 1,
                    "Quality": 0
                },
                {
                    "Value": 13.4,
                    "DateTime": "20180630021525",
                    "Availability": 1,
                    "Quality": 0
                },
                {
                    "Value": 13.53,
                    "DateTime": "20180630020025",
                    "Availability": 1,
                    "Quality": 0
                },
                {
                    "Value": 13.4,
                    "DateTime": "20180630014525",
                    "Availability": 1,
                    "Quality": 0
                },
                {
                    "Value": 12.88,
                    "DateTime": "20180630013025",
                    "Availability": 1,
                    "Quality": 0
                },
                {
                    "Value": 13.27,
                    "DateTime": "20180630011525",
                    "Availability": 1,
                    "Quality": 0
                },
                {
                    "Value": 13.14,
                    "DateTime": "20180630010025",
                    "Availability": 1,
                    "Quality": 0
                },
                {
                    "Value": 13.01,
                    "DateTime": "20180630004525",
                    "Availability": 1,
                    "Quality": 0
                },
                {
                    "Value": 13.14,
                    "DateTime": "20180630003025",
                    "Availability": 1,
                    "Quality": 0
                },
                {
                    "Value": 13.14,
                    "DateTime": "20180630001525",
                    "Availability": 1,
                    "Quality": 0
                },
                {
                    "Value": 13.4,
                    "DateTime": "20180630000025",
                    "Availability": 1,
                    "Quality": 0
                },
                {
                    "Value": 13.01,
                    "DateTime": "20180629234525",
                    "Availability": 1,
                    "Quality": 0
                },
                {
                    "Value": 13.4,
                    "DateTime": "20180629233025",
                    "Availability": 1,
                    "Quality": 0
                },
                {
                    "Value": 13.01,
                    "DateTime": "20180629231525",
                    "Availability": 1,
                    "Quality": 0
                },
                {
                    "Value": 13.27,
                    "DateTime": "20180629230025",
                    "Availability": 1,
                    "Quality": 0
                },
                {
                    "Value": 13.27,
                    "DateTime": "20180629224525",
                    "Availability": 1,
                    "Quality": 0
                },
                {
                    "Value": 13.4,
                    "DateTime": "20180629223025",
                    "Availability": 1,
                    "Quality": 0
                },
                {
                    "Value": 13.53,
                    "DateTime": "20180629221525",
                    "Availability": 1,
                    "Quality": 0
                },
                {
                    "Value": 13.27,
                    "DateTime": "20180629220025",
                    "Availability": 1,
                    "Quality": 0
                },
                {
                    "Value": 13.27,
                    "DateTime": "20180629214525",
                    "Availability": 1,
                    "Quality": 0
                },
                {
                    "Value": 13.53,
                    "DateTime": "20180629213025",
                    "Availability": 1,
                    "Quality": 0
                },
                {
                    "Value": 13.4,
                    "DateTime": "20180629211525",
                    "Availability": 1,
                    "Quality": 0
                },
                {
                    "Value": 13.27,
                    "DateTime": "20180629210025",
                    "Availability": 1,
                    "Quality": 0
                },
                {
                    "Value": 13.27,
                    "DateTime": "20180629204525",
                    "Availability": 1,
                    "Quality": 0
                },
                {
                    "Value": 13.4,
                    "DateTime": "20180629203025",
                    "Availability": 1,
                    "Quality": 0
                },
                {
                    "Value": 13.4,
                    "DateTime": "20180629201525",
                    "Availability": 1,
                    "Quality": 0
                },
                {
                    "Value": 13.14,
                    "DateTime": "20180629200025",
                    "Availability": 1,
                    "Quality": 0
                },
                {
                    "Value": 13.66,
                    "DateTime": "20180629194525",
                    "Availability": 1,
                    "Quality": 0
                },
                {
                    "Value": 13.53,
                    "DateTime": "20180629193025",
                    "Availability": 1,
                    "Quality": 0
                },
                {
                    "Value": 13.4,
                    "DateTime": "20180629191525",
                    "Availability": 1,
                    "Quality": 0
                },
                {
                    "Value": 13.27,
                    "DateTime": "20180629190025",
                    "Availability": 1,
                    "Quality": 0
                },
                {
                    "Value": 13.53,
                    "DateTime": "20180629184525",
                    "Availability": 1,
                    "Quality": 0
                },
                {
                    "Value": 13.01,
                    "DateTime": "20180629183025",
                    "Availability": 1,
                    "Quality": 0
                },
                {
                    "Value": 13.4,
                    "DateTime": "20180629181525",
                    "Availability": 1,
                    "Quality": 0
                },
                {
                    "Value": 13.4,
                    "DateTime": "20180629180025",
                    "Availability": 1,
                    "Quality": 0
                },
                {
                    "Value": 13.53,
                    "DateTime": "20180629174525",
                    "Availability": 1,
                    "Quality": 0
                },
                {
                    "Value": 13.53,
                    "DateTime": "20180629173025",
                    "Availability": 1,
                    "Quality": 0
                },
                {
                    "Value": 13.4,
                    "DateTime": "20180629171525",
                    "Availability": 1,
                    "Quality": 0
                },
                {
                    "Value": 13.27,
                    "DateTime": "20180629170025",
                    "Availability": 1,
                    "Quality": 0
                },
                {
                    "Value": 13.66,
                    "DateTime": "20180629164525",
                    "Availability": 1,
                    "Quality": 0
                },
                {
                    "Value": 13.79,
                    "DateTime": "20180629163025",
                    "Availability": 1,
                    "Quality": 0
                },
                {
                    "Value": 13.66,
                    "DateTime": "20180629161525",
                    "Availability": 1,
                    "Quality": 0
                },
                {
                    "Value": 13.27,
                    "DateTime": "20180629160025",
                    "Availability": 1,
                    "Quality": 0
                }
            ],
            "DataType": "Double",
            "VariableCode": "Thingful.Connectors.GROWSensors.soil_moisture",
            "DataSourceVariableId": 4,
            "TimeZoneOffset": "+0000",
            "IsCumulative": false,
            "UseQuality": false,
            "CalculationType": "None",
            "SensorName": "Medernach 2",
            "SerialNumber": "PI040298AD5I211831"
        }
    ],
    "Meta": {
        "Locations": {
            "b7danwgd": {
                "Identifier": "Grow.Thingful#b7danwgd",
                "Name": "Medernach 2. Serial Number: PI040298AD5I211831",
                "DataSourceGroupCode": "Grow.Thingful",
                "ProjectionId": 3,
                "Code": "b7danwgd",
                "SerialNumber": "PI040298AD5I211831",
                "Y": 49.7960686684119,
                "X": 6.22613014653905,
                "Z": 0
            }
        },
        "Variables": {
            "Thingful.Connectors.GROWSensors.soil_moisture": {
                "State": 1,
                "VariableId": 0,
                "Name": "SoilMoisture",
                "Code": "Thingful.Connectors.GROWSensors.soil_moisture",
                "UnitCode": "%"
            }
        },
        "DataSourceVariables": {
            "4": {
                "DataSourceVariableId": 4,
                "Code": "soil_moisture",
                "Name": "Soil Moisture",
                "VariableCode": "Thingful.Connectors.GROWSensors.soil_moisture",
                "DataSourceCode": "Thingful.Connectors.GROWSensors",
                "UnitCode": "%",
                "DataType": "Double",
                "MathematicalType": "NotSummable",
                "MeasurementType": "Instantaneous",
                "State": 1,
                "IsCumulative": false
            }
        },
        "Projections": {
            "3": {
                "ProjectionId": 3,
                "Name": "WGS84",
                "Epsg": 4326,
                "ProjectionString": "+proj=longlat +ellps=WGS84 +datum=WGS84 +no_defs "
            }
        },
        "Units": {
            "%": {
                "Name": "%",
                "Code": "%"
            }
        }
    }
}